<?xml version="1.0" encoding="UTF-8"?>
<djipjlFilters xmlns="http://teamcenter.com/Schemas/Pjl/2012/DJIPJLFiltersSchema" xmlns:xsi="http://www.w3.org/2001/XMLSchema-instance" xsi:schemaLocation="http://teamcenter.com/Schemas/Pjl/2012/DJIPJLFiltersSchema filter_schema.xsd ">
    <instrumentationFilters>

        <!--
            Ignored
         -->
        <ignoredFilter status="include">
            <expression>
                <orExpression>
                    <subPackageOfExpression name="sun"/>
                    <subPackageOfExpression name="com.sun"/>
                    <subPackageOfExpression name="com.teamcenter.schemas"/>
                    <subPackageOfExpression name="com.teamcenter.soa.internal.client.model"/>
                </orExpression>
            </expression>
        </ignoredFilter>


        <!--
            Commands
         -->
        <commandFilter status="exclude">
            <expression>
                <orExpression>
                    <methodNameExpression name="&lt;clinit&gt;"/>
                    <methodNameExpression name="&lt;init&gt;"/>
                    <methodNameExpression op="STARTS_WITH" name="access$"/>
                </orExpression>
            </expression>
        </commandFilter>


        <!--
            Functions
         -->
        <functionFilter status="exclude">
            <expression>
                <methodNameExpression op="STARTS_WITH" name="access$"/>
            </expression>
        </functionFilter>


        <!--
            Invokers
         -->
        <invokerFilter status="include" argument="1">
            <expression>
                <andExpression>
                    <instanceofInterfaceExpression package="java.util.concurrent" interface="Executor"/>
                    <methodNameSignatureExpression name="execute" sig="(java.lang.Runnable)"/>
                </andExpression>
            </expression>
        </invokerFilter>

        <invokerFilter argument="1">
            <expression>
                <andExpression>
                    <packageClassNameExpression package="java.awt" class="EventQueue"/>
                    <methodNameSignatureExpression name="postEvent" sig="(java.awt.AWTEvent,int)"/>
                </andExpression>
            </expression>
        </invokerFilter>

        <!--
            Runnables
         -->
        <runnableFilter>
            <classExpression>
                <orExpression>
                    <extendsClassExpression package="java.lang" class="Thread"/> <!-- Optimization -->
                    <instanceofInterfaceExpression package="java.lang" interface="Runnable"/>
                    <instanceofInterfaceExpression package="java.util.concurrent" interface="RunnableFuture"/>
                    <instanceofInterfaceExpression package="java.util.concurrent" interface="RunnableScheduledFuture"/>
                </orExpression>
            </classExpression>
            <methodExpression>
                <methodNameSignatureExpression name="run" sig="()"/>
            </methodExpression>
            <runnableFilter status="exclude">
                <classExpression>
                    <orExpression>
                        <!--  These are event processing threads and we don't want the entire lifetime of the thread tracked. -->
                        <packageClassNameExpression package="java.util.concurrent" class="ThreadPoolExecutor$Worker"/>
                        <packageClassNameExpression package="java.awt" class="EventDispatchThread"/>
                        <packageClassNameExpression package="javax.swing" class="TimerQueue"/>
                        <packageClassNameExpression package="org.eclipse.core.internal.jobs" class="Worker"/>
                        <packageClassNameExpression package="org.eclipse.osgi.framework.eventmgr" class="EventManager$EventThread"/>
                        <packageClassNameExpression package="com.teamcenter.rac.aifrcp.event" class="ClientEventDispatcher$IC_Thread"/>
                        <!-- These are some small implementation details of Swing that we most likely don't care about. -->
                        <andExpression>
                            <packageExpression name="javax.swing"/>
                            <orExpression>
                                <classNameExpression name="JComponent$2"/>
                                <classNameExpression name="BufferStrategyPaintManager$3"/>
                                <classNameExpression name="RepaintManager$ProcessingRunnable"/>
                                <classNameExpression name="SystemEventQueueUtilities$ComponentWorkRequest"/>
                            </orExpression>
                        </andExpression>
                        <packageClassNameExpression package="javax.swing.text" class="DefaultCaret$1"/>
                    </orExpression>
                </classExpression>
            </runnableFilter>
        </runnableFilter>

        <runnableFilter>
            <classExpression>
                <instanceofClassExpression package="java.awt.event" class="InvocationEvent"/>
            </classExpression>
            <methodExpression>
                <methodNameSignatureExpression name="dispatch" sig="()"/>
            </methodExpression>
            <transform>
                <trackThreadCalls>
                    <ALOAD var="0"/>
                    <GETFIELD owner="java/awt/event/InvocationEvent" name="runnable" desc="Ljava/lang/Runnable;"/>
                    <INSTANCEOF desc="com/teamcenter/pjl/dji/PJLRunnable"/>
                    <IFEQ label="notInstrumented"/>
                    <ALOAD var="0"/>
                    <GETFIELD owner="java/awt/event/InvocationEvent" name="runnable" desc="Ljava/lang/Runnable;"/>
                    <INVOKEINTERFACE owner="com/teamcenter/pjl/dji/PJLRunnable" name="$$DJIPJL$$_trackThreadCalls" desc="()Z"/>
                    <GOTO label="end"/>
                    <LABEL name="notInstrumented"/>
                    <ICONST_0/>
                    <LABEL name="end"/>
                </trackThreadCalls>
            </transform>
        </runnableFilter>


        <!--
            Waiters
         -->
        <waitFilter>
            <expression>
                <andExpression>
                    <packageClassNameExpression package="java.lang" class="Thread"/>
                    <methodNameExpression name="join"/>
                    <orExpression>
                        <methodSignatureExpression sig="()"/>
                        <methodSignatureExpression sig="(long)"/>
                        <methodSignatureExpression sig="(long,int)"/>
                    </orExpression>
                </andExpression>
            </expression>
            <defaultTransform type="join"/>
        </waitFilter>

        <waitFilter>
            <expression>
                <andExpression>
                    <extendsClassExpression package="java.lang" class="Process"/>
                    <methodNameSignatureExpression name="waitFor" sig="()"/>
                </andExpression>
            </expression>
            <defaultTransform type="Process"/>
        </waitFilter>

        <!-- Tracking all file I/O can produce a lot of overhead -->
        <!-- 
        <waitFilter>
            <expression>
                <andExpression>
                    <orExpression>
                        <instanceofClassExpression package="java.io" class="InputStream"/>
                        <instanceofClassExpression package="java.io" class="Reader"/>
                    </orExpression>
                    <methodNameExpression op="STARTS_WITH" name="read"/>
                </andExpression>
            </expression>
            <defaultTransform type="io"/>
        </waitFilter>
         -->

        <waitFilter>
            <expression>
                <andExpression>
                    <packageClassNameExpression package="java.net" class="SocketInputStream"/>
                    <methodNameExpression name="socketRead0"/> <!-- Oracle JRE -->
                </andExpression>
            </expression>
            <defaultTransform type="socket"/>
        </waitFilter>

    </instrumentationFilters>


    <outputFilters>

        <!--
            Threads
         -->
        <threadFilter status="exclude">
            <expression>
                <orExpression>
                    <threadNameExpression name="process reaper"/>
                    <threadNameExpression name="DestroyJavaVM"/>
                    <threadNameExpression name="Reference Handler"/>
                    <threadNameExpression name="Finalizer"/>
                    <threadNameExpression name="Secondary finalizer"/>
                    <threadNameExpression name="pjl-vm-monitor"/>
                </orExpression>
            </expression>
        </threadFilter>

    </outputFilters>

</djipjlFilters>