<?xml version="1.0" encoding="UTF-8"?>
<djipjlFilters xmlns="http://teamcenter.com/Schemas/Pjl/2012/DJIPJLFiltersSchema" xmlns:xsi="http://www.w3.org/2001/XMLSchema-instance" xsi:schemaLocation="http://teamcenter.com/Schemas/Pjl/2012/DJIPJLFiltersSchema filter_schema.xsd ">
    <instrumentationFilters>

        <!--
            Commands
         -->
        <!--
        <commandFilter status="include">
            <expression>
                <andExpression>
                    <instanceofClassExpression package="com.example.app" class="UICommandListener"/>
                    <methodNameSignatureExpression name="OnCommand" sig="()"/>
                </andExpression>
            </expression>
            <transformClass name="InstanceClassNameCommandTransformer"/>
        </commandFilter>
        -->

        <!--
            Functions
         -->
        <!--
        <functionFilter status="include">
            <expression>
                <orExpression>
                    <subPackageOfExpression name="com.example.app"/>
                </orExpression>
            </expression>
            <functionFilter status="exclude">
                <expression>
                    <orExpression>
                        <subPackageOfExpression name="com.example.app.utils"/>
                        <subPackageOfExpression name="com.example.app.debug"/>
                        <packageClassNameExpression package="com.example.app" class="Config"/>
                        <andExpression>
                            <packageClassNameExpression package="com.example.app" class="Logger"/>
                            <methodNameSignatureExpression name="getLogger" sig="()"/>
                        </andExpression>
                    </orExpression>
                </expression>
            </functionFilter>
        </functionFilter>
        -->

    </instrumentationFilters>
</djipjlFilters>