<?xml version="1.0" encoding="UTF-8"?>
<djipjlFilters xmlns="http://teamcenter.com/Schemas/Pjl/2012/DJIPJLFiltersSchema" xmlns:xsi="http://www.w3.org/2001/XMLSchema-instance" xsi:schemaLocation="http://teamcenter.com/Schemas/Pjl/2012/DJIPJLFiltersSchema filter_schema.xsd ">
    <instrumentationFilters>

        <!--
            IPC
         -->
        <ipcFilter>
            <expression>
                <andExpression>
                    <packageClassNameExpression package="com.teamcenter.fms.clientcache.proxy" class="FileCacheProxy"/>
                    <orExpression>
                        <methodNameExpression op="STARTS_WITH" name="Download"/>
                        <methodNameExpression op="STARTS_WITH" name="Upload"/>
                    </orExpression>
                </andExpression>
            </expression>
            <defaultTransform type="FCC"/>
        </ipcFilter>

    </instrumentationFilters>
</djipjlFilters>