<?xml version="1.0" encoding="UTF-8"?>
<djipjlFilters xmlns="http://teamcenter.com/Schemas/Pjl/2012/DJIPJLFiltersSchema" xmlns:xsi="http://www.w3.org/2001/XMLSchema-instance" xsi:schemaLocation="http://teamcenter.com/Schemas/Pjl/2012/DJIPJLFiltersSchema filter_schema.xsd ">
    <instrumentationFilters>

        <!--
            Commands
         -->
        <commandFilter status="include">
            <expression>
                <andExpression>
                    <packageClassNameExpression package="com.transcendata.imanpro" class="MainSync"/>
                    <methodIsPublicExpression/>
                </andExpression>
            </expression>
        </commandFilter>
        <commandFilter status="include">
            <expression>
                <andExpression>
                    <instanceofClassExpression package="com.ptc.pfc.pfcCommand" class="DefaultUICommandActionListener"/>
                    <methodNameSignatureExpression name="OnCommand" sig="()"/>
                </andExpression>
            </expression>
            <transformClass name="InstanceClassNameCommandTransformer"/>
        </commandFilter>

        <!--
            Functions
         -->
        <functionFilter status="include">
            <expression>
                <orExpression>
                    <subPackageOfExpression name="com.transcendata"/>
                </orExpression>
            </expression>
            <functionFilter status="exclude">
                <expression>
                    <orExpression>
                        <andExpression>
                            <packageExpression name="com.transcendata.cadpdm"/>
                            <orExpression>
                                <andExpression>
                                    <classNameExpression name="AbstractOperationElement"/>
                                    <orExpression>
                                        <methodNameExpression name="getPDMInfo"/>
                                        <methodNameExpression name="getCADIdentifier"/>
                                    </orExpression>
                                </andExpression>
                                <classNameExpression name="AbstractOperationCollection$OperationCollectionIterator"/>
                                <andExpression>
                                    <classNameExpression name="ServiceManagerHolder"/>
                                    <methodNameExpression op="STARTS_WITH" name="get"/>
                                </andExpression>
                            </orExpression>
                        </andExpression>
                        <andExpression>
                            <packageClassNameExpression package="com.transcendata.cadpdm.pe" class="PEIdentifier"/>
                            <orExpression>
                                <methodNameExpression name="equals"/>
                                <methodNameExpression name="hashCode"/>
                                <methodNameExpression name="getCADType"/>
                            </orExpression>
                        </andExpression>
                        <andExpression>
                            <packageExpression name="com.transcendata.util"/>
                            <orExpression>
                                <classNameExpression name="EnumeratedType"/>
                                <classNameExpression name="Log"/>
                                <classNameExpression name="LogImpl"/>
                                <classNameExpression name="LogHolder"/>
                                <classNameExpression name="ObjectUtil"/>
                                <classNameExpression name="StringUtil"/>
                                <classNameExpression name="StringMatch"/>
                                <classNameExpression name="ThreeState"/>
                            </orExpression>
                        </andExpression>
                    </orExpression>
                </expression>
            </functionFilter>
        </functionFilter>

        <!--
            IPC
         -->
        <ipcFilter>
            <expression>
                <andExpression>
                    <subPackageOfExpression name="com.ptc"/>
                    <methodIsPublicExpression/>
                </andExpression>
            </expression>
            <defaultTransform type="PTC" includeClassName="true"/>
            <ipcFilter status="exclude">
                <expression>
                    <orExpression>
                        <methodNameExpression name="&lt;init&gt;"/>
                        <methodNameExpression name="&lt;clinit&gt;"/>
                    </orExpression>
                </expression>
            </ipcFilter>
        </ipcFilter>
        
        <ipcFilter>
            <expression>
                <andExpression>
                    <packageClassNameExpression package="com.transcendata.util" class="ProcessMinder"/>
                    <methodNameExpression name="execAndWait"/>
                </andExpression>
            </expression>
            <defaultTransform type="EXEC"/>
            <ipcFilter>
                <expression>
                    <methodSignatureExpression sig="(java.lang.String)"/>
                </expression>
                <transform>
                    <loadRequestArgs>
                        <LDC cst="EXEC" desc="Ljava/lang/String;"/>
                        <ALOAD var="1"/>
                        <ACONST_NULL/>
                    </loadRequestArgs>
                    <loadResponseArgs>
                        <ACONST_NULL/>
                    </loadResponseArgs>
                </transform>
            </ipcFilter>
            <ipcFilter>
                <expression>
                    <methodSignatureExpression sig="(java.lang.String[])"/>
                </expression>
                <transform>
                    <loadRequestArgs>
                        <LDC cst="EXEC" desc="Ljava/lang/String;"/>
                        <ALOAD var="1"/>
                        <IFNULL label="missing"/>
                        <ALOAD var="1"/>
                        <ARRAYLENGTH/>
                        <IFLE label="missing"/>
                        <ALOAD var="1"/>
                        <ICONST_0/>
                        <AALOAD/>
                        <GOTO label="fi"/>
                        <LABEL name="missing"/>
                        <LDC cst="&lt;missing&gt;" desc="Ljava/lang/String;"/>
                        <LABEL name="fi"/>
                        <ACONST_NULL/>
                    </loadRequestArgs>
                    <loadResponseArgs>
                        <ACONST_NULL/>
                    </loadResponseArgs>
                </transform>
            </ipcFilter>
        </ipcFilter>

    </instrumentationFilters>
</djipjlFilters>