<?xml version="1.0" encoding="UTF-8"?>
<djipjlFilters xmlns="http://teamcenter.com/Schemas/Pjl/2012/DJIPJLFiltersSchema" xmlns:xsi="http://www.w3.org/2001/XMLSchema-instance" xsi:schemaLocation="http://teamcenter.com/Schemas/Pjl/2012/DJIPJLFiltersSchema filter_schema.xsd ">
    <instrumentationFilters>
        <!-- TODO should separate this into separate rcp & rac filters -->

        <!--
            Commands
         -->
        <commandFilter status="include">
            <expression>
                <andExpression>
                    <packageClassNameExpression package="org.eclipse.core.commands" class="Command"/>
                    <orExpression>
                        <methodNameSignatureExpression name="executeWithChecks" sig="(org.eclipse.core.commands.ExecutionEvent)"/>
                        <methodNameSignatureExpression name="execute" sig="(org.eclipse.core.commands.ExecutionEvent)"/>
                    </orExpression>
                </andExpression>
            </expression>
            <transform>
                <loadCommandName>
                    <ALOAD var="0"/>
                    <INVOKEVIRTUAL owner="org/eclipse/core/commands/Command" name="getId" desc="()Ljava/lang/String;"/>
                </loadCommandName>
            </transform>
        </commandFilter>

        <commandFilter status="include">
            <expression>
                <andExpression>
                    <instanceofInterfaceExpression package="org.eclipse.jface.action" interface="IAction"/>
                    <orExpression>
                        <methodNameSignatureExpression name="run" sig="()"/>
                        <methodNameSignatureExpression name="runWithEvent" sig="(org.eclipse.swt.widgets.Event)"/>
                    </orExpression>
                </andExpression>
            </expression>
            <transformClass name="InstanceClassNameCommandTransformer"/>
        </commandFilter>

        <commandFilter status="include">
            <expression>
                <andExpression>
                    <packageClassNameExpression package="org.eclipse.ui.internal" class="Workbench"/>
                    <methodNameSignatureExpression name="init" sig="()"/>
                </andExpression>
            </expression>
        </commandFilter>

        <commandFilter status="include">
            <expression>
                <andExpression>
                    <packageClassNameExpression package="org.eclipse.ui.internal" class="WorkbenchPage"/>
                    <methodNameSignatureExpression name="createPerspective" sig="(org.eclipse.ui.internal.registry.PerspectiveDescriptor,boolean)"/>
                </andExpression>
            </expression>
            <transform>
                <loadCommandName>
                    <NEW desc="java/lang/StringBuilder"/>
                    <DUP/>
                    <INVOKESPECIAL owner="java/lang/StringBuilder" name="&lt;init&gt;" desc="()V"/>
                    <LDC desc="Ljava/lang/String;" cst="createPerspective: "/>
                    <INVOKEVIRTUAL owner="java/lang/StringBuilder" name="append" desc="(Ljava/lang/String;)Ljava/lang/StringBuilder;"/>
                    <ALOAD var="1"/>
                    <INVOKEVIRTUAL owner="org/eclipse/ui/internal/registry/PerspectiveDescriptor" name="getId" desc="()Ljava/lang/String;"/>
                    <INVOKEVIRTUAL owner="java/lang/StringBuilder" name="append" desc="(Ljava/lang/String;)Ljava/lang/StringBuilder;"/>
                    <INVOKEVIRTUAL owner="java/lang/StringBuilder" name="toString" desc="()Ljava/lang/String;"/>
                </loadCommandName>
            </transform>
        </commandFilter>

        <commandFilter status="include">
            <expression>
                <andExpression>
                    <packageClassNameExpression package="org.eclipse.ui.internal" class="Workbench"/>
                    <methodNameExpression name="showPerspective"/>
                    <orExpression>
                        <methodSignatureExpression sig="(java.lang.String,org.eclipse.ui.IWorkbenchWindow)"/>
                        <methodSignatureExpression sig="(java.lang.String,org.eclipse.ui.IWorkbenchWindow,org.eclipse.core.runtime.IAdaptable)"/>
                    </orExpression>
                </andExpression>
            </expression>
            <transform>
                <loadCommandName>
                    <NEW desc="java/lang/StringBuilder"/>
                    <DUP/>
                    <INVOKESPECIAL owner="java/lang/StringBuilder" name="&lt;init&gt;" desc="()V"/>
                    <LDC desc="Ljava/lang/String;" cst="showPerspective: "/>
                    <INVOKEVIRTUAL owner="java/lang/StringBuilder" name="append" desc="(Ljava/lang/String;)Ljava/lang/StringBuilder;"/>
                    <ALOAD var="1"/>
                    <INVOKEVIRTUAL owner="java/lang/StringBuilder" name="append" desc="(Ljava/lang/String;)Ljava/lang/StringBuilder;"/>
                    <INVOKEVIRTUAL owner="java/lang/StringBuilder" name="toString" desc="()Ljava/lang/String;"/>
                </loadCommandName>
            </transform>
        </commandFilter>

        <commandFilter status="include">
            <expression>
                <andExpression>
                    <packageClassNameExpression package="org.eclipse.ui.internal" class="PartList"/>
                    <methodNameSignatureExpression name="partVisible" sig="(org.eclipse.ui.internal.WorkbenchPartReference)"/>
                </andExpression>
            </expression>
            <transform>
                <loadCommandName>
                    <NEW desc="java/lang/StringBuilder"/>
                    <DUP/>
                    <INVOKESPECIAL owner="java/lang/StringBuilder" name="&lt;init&gt;" desc="()V"/>
                    <LDC desc="Ljava/lang/String;" cst="partVisible: "/>
                    <INVOKEVIRTUAL owner="java/lang/StringBuilder" name="append" desc="(Ljava/lang/String;)Ljava/lang/StringBuilder;"/>
                    <ALOAD var="1"/>
                    <INVOKEVIRTUAL owner="org/eclipse/ui/internal/WorkbenchPartReference" name="getPartName" desc="()Ljava/lang/String;"/>
                    <INVOKEVIRTUAL owner="java/lang/StringBuilder" name="append" desc="(Ljava/lang/String;)Ljava/lang/StringBuilder;"/>
                    <INVOKEVIRTUAL owner="java/lang/StringBuilder" name="toString" desc="()Ljava/lang/String;"/>
                </loadCommandName>
            </transform>
        </commandFilter>

        <commandFilter status="include">
            <expression>
                <andExpression>
                    <packageClassNameExpression package="org.eclipse.ui.internal" class="WorkbenchWindow"/>
                    <methodNameSignatureExpression name="close" sig="()"/>
                </andExpression>
            </expression>
            <transform>
                <loadCommandName>
                    <LDC desc="Ljava/lang/String;" cst="WindowClose"/>
                </loadCommandName>
            </transform>
        </commandFilter>

        <commandFilter status="include">
            <expression>
                <andExpression>
                    <packageClassNameExpression package="org.eclipse.jface.viewers" class="StructuredViewer"/>
                    <methodNameSignatureExpression name="updateSelection" sig="(org.eclipse.jface.viewers.ISelection)"/>
                </andExpression>
            </expression>
            <transform>
                <!-- The command name produced by the loadCommandName element below will
                     include identifying data for the selected object.  Use this loadCommandName
                     instead if that is a problem. -->
                <!--
                <loadCommandName>
                    <LDC desc="Ljava/lang/String;" cst="MouseSelection"/>
                </loadCommandName>
                -->
                <loadCommandName>
                    <NEW desc="java/lang/StringBuilder"/>
                    <DUP/>
                    <INVOKESPECIAL owner="java/lang/StringBuilder" name="&lt;init&gt;" desc="()V"/>
                    <LDC desc="Ljava/lang/String;" cst="MouseSelection: "/>
                    <INVOKEVIRTUAL owner="java/lang/StringBuilder" name="append" desc="(Ljava/lang/String;)Ljava/lang/StringBuilder;"/>
                    <ALOAD var="1"/>
                    <INVOKEVIRTUAL owner="java/lang/Object" name="toString" desc="()Ljava/lang/String;"/>
                    <INVOKEVIRTUAL owner="java/lang/StringBuilder" name="append" desc="(Ljava/lang/String;)Ljava/lang/StringBuilder;"/>
                    <INVOKEVIRTUAL owner="java/lang/StringBuilder" name="toString" desc="()Ljava/lang/String;"/>
                </loadCommandName>
            </transform>
        </commandFilter>

        <!-- This will capture SWT selection events which don't give us as much information about what
             was selected as the command above.  Commands for structured selections only should be enough...
        <commandFilter status="include">
            <expression>
                <andExpression>
                    <packageClassNameExpression package="org.eclipse.jface.util" class="OpenStrategy"/>
                    <methodNameSignatureExpression name="fireSelectionEvent" sig="(org.eclipse.swt.events.SelectionEvent)"/>
                </andExpression>
            </expression>
            <transform>
                <loadCommandName>
                    <LDC desc="Ljava/lang/String;" cst="MouseSelection"/>
                </loadCommandName>
            </transform>
        </commandFilter>
        -->

        <commandFilter status="include">
            <expression>
                <andExpression>
                    <packageClassNameExpression package="org.eclipse.jface.viewers" class="AbstractTreeViewer"/>
                    <methodNameSignatureExpression name="handleTreeExpand" sig="(org.eclipse.swt.events.TreeEvent)"/>
                </andExpression>
            </expression>
            <transform>
                <!-- The command name produced by the loadCommandName element below will
                     include identifying data for the expanded object.  Use this loadCommandName
                     instead if that is a problem. -->
                <!--
                <loadCommandName>
                    <LDC desc="Ljava/lang/String;" cst="TreeExpand"/>
                </loadCommandName>
                -->
                <loadCommandName>
                    <NEW desc="java/lang/StringBuilder"/>
                    <DUP/>
                    <INVOKESPECIAL owner="java/lang/StringBuilder" name="&lt;init&gt;" desc="()V"/>
                    <LDC desc="Ljava/lang/String;" cst="TreeExpand: "/>
                    <INVOKEVIRTUAL owner="java/lang/StringBuilder" name="append" desc="(Ljava/lang/String;)Ljava/lang/StringBuilder;"/>
                    <ALOAD var="1"/>
                    <GETFIELD owner="org/eclipse/swt/events/TreeEvent" name="item" desc="Lorg/eclipse/swt/widgets/Widget;"/>
                    <INVOKEVIRTUAL owner="org/eclipse/swt/widgets/Widget" name="getData" desc="()Ljava/lang/Object;"/>
                    <INVOKEVIRTUAL owner="java/lang/Object" name="toString" desc="()Ljava/lang/String;"/>
                    <INVOKEVIRTUAL owner="java/lang/StringBuilder" name="append" desc="(Ljava/lang/String;)Ljava/lang/StringBuilder;"/>
                    <INVOKEVIRTUAL owner="java/lang/StringBuilder" name="toString" desc="()Ljava/lang/String;"/>
                </loadCommandName>
            </transform>
        </commandFilter>

        <commandFilter status="include">
            <expression>
                <andExpression>
                    <packageClassNameExpression package="javax.swing.plaf.basic" class="BasicTreeUI"/>
                    <methodNameSignatureExpression name="selectPathForEvent" sig="(javax.swing.tree.TreePath,java.awt.event.MouseEvent)"/>
                </andExpression>
            </expression>
            <transform>
                <!-- The command name produced by the loadCommandName element below will
                     include identifying data for the selected object.  Use this loadCommandName
                     instead if that is a problem. -->
                <!--
                <loadCommandName>
                    <LDC desc="Ljava/lang/String;" cst="MouseSelection"/>
                </loadCommandName>
                -->
                <loadCommandName>
                    <NEW desc="java/lang/StringBuilder"/>
                    <DUP/>
                    <INVOKESPECIAL owner="java/lang/StringBuilder" name="&lt;init&gt;" desc="()V"/>
                    <LDC desc="Ljava/lang/String;" cst="MouseSelection: "/>
                    <INVOKEVIRTUAL owner="java/lang/StringBuilder" name="append" desc="(Ljava/lang/String;)Ljava/lang/StringBuilder;"/>
                    <ALOAD var="1"/>
                    <INVOKEVIRTUAL owner="javax/swing/tree/TreePath" name="getLastPathComponent" desc="()Ljava/lang/Object;"/>
                    <INVOKEVIRTUAL owner="java/lang/Object" name="toString" desc="()Ljava/lang/String;"/>
                    <INVOKEVIRTUAL owner="java/lang/StringBuilder" name="append" desc="(Ljava/lang/String;)Ljava/lang/StringBuilder;"/>
                    <INVOKEVIRTUAL owner="java/lang/StringBuilder" name="toString" desc="()Ljava/lang/String;"/>
                </loadCommandName>
            </transform>
        </commandFilter>

        <commandFilter status="include">
            <expression>
                <andExpression>
                    <packageClassNameExpression package="javax.swing" class="JTree"/>
                    <methodNameSignatureExpression name="fireTreeWillExpand" sig="(javax.swing.tree.TreePath)"/>
                </andExpression>
            </expression>
            <transform>
                <!-- The command name produced by the loadCommandName element below will
                     include identifying data for the selected object.  Use this loadCommandName
                     instead if that is a problem. -->
                <!--
                <loadCommandName>
                    <LDC desc="Ljava/lang/String;" cst="TreeExpand"/>
                </loadCommandName>
                -->
                <loadCommandName>
                    <NEW desc="java/lang/StringBuilder"/>
                    <DUP/>
                    <INVOKESPECIAL owner="java/lang/StringBuilder" name="&lt;init&gt;" desc="()V"/>
                    <LDC desc="Ljava/lang/String;" cst="TreeExpand: "/>
                    <INVOKEVIRTUAL owner="java/lang/StringBuilder" name="append" desc="(Ljava/lang/String;)Ljava/lang/StringBuilder;"/>
                    <ALOAD var="1"/>
                    <INVOKEVIRTUAL owner="javax/swing/tree/TreePath" name="getLastPathComponent" desc="()Ljava/lang/Object;"/>
                    <INVOKEVIRTUAL owner="java/lang/Object" name="toString" desc="()Ljava/lang/String;"/>
                    <INVOKEVIRTUAL owner="java/lang/StringBuilder" name="append" desc="(Ljava/lang/String;)Ljava/lang/StringBuilder;"/>
                    <INVOKEVIRTUAL owner="java/lang/StringBuilder" name="toString" desc="()Ljava/lang/String;"/>
                </loadCommandName>
            </transform>
        </commandFilter>

        <commandFilter status="include">
            <expression>
                <orExpression>
                    <andExpression>
                        <instanceofInterfaceExpression package="com.teamcenter.rac.services" interface="IPortalService"/>
                        <methodNameExpression name="login"/>
                        <orExpression>
                            <methodSignatureExpression sig="()"/>
                            <methodSignatureExpression sig="(java.lang.String)"/>
                        </orExpression>
                    </andExpression>
                    <andExpression>
                        <instanceofClassExpression package="com.teamcenter.rac.aif.kernel" class="AbstractAIFSession"/>
                        <methodNameSignatureExpression name="login" sig="()"/>
                    </andExpression>
                </orExpression>
            </expression>
        </commandFilter>

        <commandFilter status="include"> <!-- Special case for hitting Enter key in a Search input -->
            <expression>
                <andExpression>
                    <packageClassNameExpression package="com.teamcenter.rac.search.ui" class="SearchCriteriaFormViewer"/>
                    <methodNameSignatureExpression name="callPerformSearch" sig="()"/>
                </andExpression>
            </expression>
            <transformClass name="InstanceClassNameCommandTransformer"/>
        </commandFilter>

        <commandFilter status="include">
            <expression>
                <andExpression>
                    <packageClassNameExpression package="com.teamcenter.rac.aif" class="AbstractAIFCommand"/>
                    <methodNameSignatureExpression name="run" sig="()"/>
                </andExpression>
            </expression>
            <transformClass name="InstanceClassNameCommandTransformer"/>
        </commandFilter>

        <commandFilter status="include">
            <expression>
                <andExpression>
                    <packageClassNameExpression package="com.teamcenter.rac.aif" class="AbstractAIFOperation"/>
                    <methodNameSignatureExpression name="run" sig="(org.eclipse.core.runtime.IProgressMonitor)"/>
                </andExpression>
            </expression>
            <transformClass name="InstanceClassNameCommandTransformer"/>
        </commandFilter>

        <commandFilter>
            <expression>
                <andExpression>
                    <subPackageOfExpression name="com.teamcenter.rac"/>
                    <orExpression>
                        <andExpression>
                            <implementsInterfaceExpression package="java.awt.event" interface="ActionListener"/>
                            <methodNameSignatureExpression name="actionPerformed" sig="(java.awt.event.ActionEvent)"/>
                        </andExpression>
                        <andExpression>
                            <instanceofInterfaceExpression package="java.awt.event" interface="MouseListener"/>
                            <methodNameSignatureExpression name="mouseClicked" sig="(java.awt.event.MouseEvent)"/>
                        </andExpression>
                    </orExpression>
                </andExpression>
            </expression>
            <transformClass name="AWTEventTransformer"/>
        </commandFilter>


        <!--
            Functions
         -->
        <functionFilter status="include">
            <expression>
                <subPackageOfExpression name="com.teamcenter.rac"/>
            </expression>
            <functionFilter status="exclude">
                <expression>
                    <orExpression>
                        <andExpression>
                            <packageExpression name="com.teamcenter.rac.util"/>
                            <methodNameExpression op="STARTS_WITH" name="Registry$"/>
                        </andExpression>
                        <packageClassNameExpression package="com.teamcenter.rac.util" class="AdapterUtil"/>
                        <packageClassNameExpression package="com.teamcenter.rac.util" class="OSGIUtil"/>
                        <packageClassNameExpression package="com.teamcenter.rac.aif.kernel" class="AIFComponentContext"/>
                        <andExpression>
                            <packageExpression name="com.teamcenter.rac.kernel"/>
                            <orExpression>
                                <classNameExpression name="PreferenceObject"/>
                                <classNameExpression name="TCTextService"/>
                                <andExpression>
                                    <classNameExpression name="TCPropertyDescriptor"/>
                                    <orExpression>
                                        <methodNameExpression name="&lt;init&gt;"/>
                                        <methodNameExpression name="checkCache"/>
                                        <methodNameExpression name="getName"/>
                                    </orExpression>
                                </andExpression>
                                <andExpression>
                                    <classNameExpression name="TCComponentType"/>
                                    <orExpression>
                                        <methodNameExpression name="getParent"/>
                                        <methodNameExpression name="isTypeOf"/>
                                        <methodNameExpression name="getName"/>
                                        <methodNameExpression name="getClassName"/>
                                    </orExpression>
                                </andExpression>
                            </orExpression>
                        </andExpression>
                        <subPackageOfExpression name="com.teamcenter.rac.kernel.textsrv"/>
                        <andExpression>
                            <packageClassNameExpression package="com.teamcenter.rac.kernel.adapter" class="TCComponentAdapterFactory"/>
                            <methodNameExpression name="getAdapter"/>
                        </andExpression>
                    </orExpression>
                </expression>
            </functionFilter>
            <functionFilter status="include" excludeChildren="true">
                <expression>
                    <orExpression>
                        <andExpression>
                            <packageExpression name="com.teamcenter.rac.kernel"/>
                            <orExpression>
                                <classNameExpression name="TCProperty"/>
                                <classNameExpression name="TCPreferenceService"/>
                            </orExpression>
                        </andExpression>
                        <andExpression>
                            <packageExpression name="com.teamcenter.rac.util"/>
                            <orExpression>
                                <classNameExpression name="FileUtility"/>
                                <andExpression>
                                    <classNameExpression name="Registry"/>
                                    <notExpression>
                                        <orExpression>
                                            <methodNameExpression name="newInstanceFor"/>
                                            <methodNameExpression name="newInstanceForEx"/>
                                        </orExpression>
                                    </notExpression>
                                </andExpression>
                            </orExpression>
                        </andExpression>
                        <andExpression>
                            <packageClassNameExpression package="com.teamcenter.rac.common.testers" class="TCComponentTypeClassTester"/>
                            <methodNameExpression name="test"/>
                        </andExpression>
                        <andExpression>
                            <packageClassNameExpression package="com.teamcenter.rac.util" class="Registry"/>
                            <methodNameExpression name="getRegistry"/>
                        </andExpression>
                        <andExpression>
                            <subPackageOfExpression name="com.teamcenter.rac.debug"/>
                            <notExpression>
                                <subPackageOfExpression name="com.teamcenter.rac.debug.pjl"/>
                            </notExpression>
                        </andExpression>
                    </orExpression>
                </expression>
            </functionFilter>
            <functionFilter status="include" excludeThreadCalls="true" >
                <expression>
                    <andExpression>
                        <packageClassNameExpression package="com.teamcenter.rac.common.health" class="JettyServerStarter"/>
                        <methodNameSignatureExpression name="startJetty" sig="()"/>
                    </andExpression>
                </expression>
            </functionFilter>
        </functionFilter>
        <functionFilter status="exclude" excludeThreadCalls="true" excludeChildren="true">
            <expression>
                <andExpression>
                    <packageClassNameExpression package="org.eclipse.ui.menus" class="CommandContributionItem"/>
                    <methodNameSignatureExpression name="updateCommandProperties" sig="(org.eclipse.core.commands.CommandEvent)"/>
                </andExpression>
            </expression>
        </functionFilter>


        <!--
            Invokers
         -->
        <invokerFilter status="include" argument="1">
            <expression>
                <orExpression>
                    <andExpression>
                        <packageClassNameExpression package="org.eclipse.swt.widgets" class="Display"/>
                        <orExpression>
                            <methodNameSignatureExpression name="syncExec" sig="(java.lang.Runnable)"/>
                            <methodNameSignatureExpression name="asyncExec" sig="(java.lang.Runnable)"/>
                        </orExpression>
                    </andExpression>
                    <andExpression>
                        <packageClassNameExpression package="org.eclipse.core.internal.jobs" class="JobManager"/>
                        <methodNameSignatureExpression name="doSchedule" sig="(org.eclipse.core.internal.jobs.InternalJob,long)"/>
                    </andExpression>
                </orExpression>
            </expression>
        </invokerFilter>


        <!--
            Runnables
         -->
        <runnableFilter>
            <classExpression>
                <orExpression>
                    <extendsClassExpression package="org.eclipse.core.runtime.jobs" class="Job"/> <!-- Optimization -->
                    <extendsClassExpression package="org.eclipse.ui.progress" class="UIJob"/> <!-- Optimization -->
                    <extendsClassExpression package="org.eclipse.ui.progress" class="WorkbenchJob"/> <!-- Optimization -->
                    <instanceofClassExpression package="org.eclipse.core.internal.jobs" class="InternalJob"/>
                </orExpression>
            </classExpression>
            <methodExpression>
                <methodNameSignatureExpression name="run" sig="(org.eclipse.core.runtime.IProgressMonitor)"/>
            </methodExpression>
            <runnableFilter status="exclude">
                <classExpression>
                    <orExpression>
                        <packageClassNameExpression package="com.teamcenter.rac.aif" class="AIFServer"/>
                        <packageClassNameExpression package="com.teamcenter.rac.aif.kernel" class="AIFSessionManager$IC_register"/>
                        <packageClassNameExpression package="com.teamcenter.rac.kernel" class="TCSession$1"/> <!-- TODO -->
                        <subPackageOfExpression name="com.teamcenter.rac.common.health"/>
                        <andExpression>
                            <orExpression>
                                <extendsClassExpression package="org.eclipse.ui.progress" class="UIJob"/>
                                <extendsClassExpression package="org.eclipse.ui.progress" class="WorkbenchJob"/>
                            </orExpression>
                            <notExpression>
                                <subPackageOfExpression name="com.teamcenter"/>
                            </notExpression>
                        </andExpression>
                    </orExpression>
                </classExpression>
            </runnableFilter>
        </runnableFilter>

        <!--
            Waiters
         -->
        <waitFilter>
            <expression>
                <orExpression>
                    <andExpression>
                        <packageClassNameExpression package="org.eclipse.swt.widgets" class="Display"/>
                        <methodNameSignatureExpression name="sleep" sig="()"/>
                    </andExpression>
                    <andExpression>
                        <packageClassNameExpression package="org.eclipse.swt.internal.win32" class="OS"/>
                        <methodNameSignatureExpression name="WaitMessage" sig="()"/>
                    </andExpression>
                </orExpression>
            </expression>
            <defaultTransform type="sleep"/>
        </waitFilter>

        <waitFilter>
            <expression>
                <andExpression>
                    <packageExpression name="com.teamcenter.rac.util"/>
                    <orExpression>
                        <classNameExpression name="Shell$IC_StreamManagementJob"/>
                        <classNameExpression name="Shell$FlushInputStream"/>
                    </orExpression>
                    <methodNameSignatureExpression name="run" sig="(org.eclipse.core.runtime.IProgressMonitor)"/>
                </andExpression>
            </expression>
            <defaultTransform type="io"/>
        </waitFilter>


        <!--
            IPC
         -->
        <!-- TODO The execution of the process and the code to notify that it is finished all happens from
                  this single method.  This will require a special insertion to capture the call while not
                  losing the activity after it completes. -->
        <!--  ipcFilter>
            <expression>
                <andExpression>
                    <packageClassNameExpression package="com.teamcenter.rac.util" class="Shell"/>
                    <methodNameSignatureExpression name="run" sig="(org.eclipse.core.runtime.IProgressMonitor)"/>
                </andExpression>
            </expression>
            <transform>
                <loadRequestArgs>
                    <LDC desc="Ljava/lang/String;" cst="SHELL"/>
                    <ALOAD var="0"/>
                    <GETFIELD owner="com/teamcenter/rac/util/Shell" name="command" desc="[Ljava/lang/String;"/>
                    <ICONST_0/>
                    <AALOAD/>
                    <ACONST_NULL/>
                </loadRequestArgs>
                <loadResponseArgs>
                    <ACONST_NULL/>
                </loadResponseArgs>
            </transform>
        </ipcFilter -->


        <!--
            Special 
         -->
        <specialFilter>
            <expression>
                <andExpression>
                    <packageClassNameExpression package="org.eclipse.core.internal.jobs" class="Worker"/>
                    <orExpression>
                        <methodNameSignatureExpression name="run" sig="()"/>
                    </orExpression>
                </andExpression>
            </expression>
            <transformClass name="EclipseJobWorkerTransformer"/>
        </specialFilter>
         
    </instrumentationFilters>


    <outputFilters>

        <!--
            Threads
         -->
        <threadFilter status="exclude">
            <expression>
                <orExpression>
                    <threadNameExpression name="HealthSysTrayIndicator"/>
                </orExpression>
            </expression>
        </threadFilter>

    </outputFilters>

</djipjlFilters>
