<?xml version="1.0" encoding="UTF-8"?>
<djipjlFilters xmlns="http://teamcenter.com/Schemas/Pjl/2012/DJIPJLFiltersSchema" xmlns:xsi="http://www.w3.org/2001/XMLSchema-instance" xsi:schemaLocation="http://teamcenter.com/Schemas/Pjl/2012/DJIPJLFiltersSchema filter_schema.xsd ">
    <instrumentationFilters>

        <!--
            Functions
         -->
        <functionFilter status="include">
            <expression>
                <orExpression>
                    <subPackageOfExpression name="com.teamcenter.soa"/>
                    <subPackageOfExpression name="com.teamcenter.services"/>
                    <subPackageOfExpression name="com.teamcenter.net"/>
                </orExpression>
            </expression>
            <functionFilter status="exclude">
                <expression>
                    <orExpression>
                        <subPackageOfExpression name="com.teamcenter.soa.internal"/>
                        <andExpression>
                            <packageClassNameExpression package="com.teamcenter.soa.client.model" class="ObjectFactory"/>
                            <methodNameExpression name="getObjectFactory"/>
                        </andExpression>
                        <packageClassNameExpression package="com.teamcenter.soa.client.model" class="ConditionChoices"/>
                    </orExpression>
                </expression>
            </functionFilter>
            <functionFilter status="include" excludeChildren="true">
                <expression>
                    <orExpression>
                        <subPackageOfExpression name="com.teamcenter.soa.common"/>
                        <subPackageOfExpression name="com.teamcenter.soa.client.model"/>
                    </orExpression>
                </expression>
            </functionFilter>
        </functionFilter>

        <!--
            IPC
         -->
        <ipcFilter>
            <expression>
                <orExpression>
                    <andExpression>
                        <packageExpression name="com.teamcenter.soa.internal.client"/>
                        <orExpression>
                            <classNameExpression name="IiopRestSender"/>
                            <classNameExpression name="HttpRestSender"/>
                            <classNameExpression name="TccsRestSender"/>
                        </orExpression>
                        <methodNameExpression name="executeRequest"/>
                        <orExpression>
                            <methodSignatureExpression sig="(java.lang.String,java.lang.String,java.lang.String)"/>
                            <methodSignatureExpression sig="(java.lang.String,java.lang.String,java.lang.String,java.lang.String)"/> <!-- Legacy, never existed for TCCS -->
                        </orExpression>
                    </andExpression>
                    <andExpression>
                        <packageClassNameExpression package="com.teamcenter.rac.kernel.servicegateway" class="TcServiceGateway"/>
                        <methodNameSignatureExpression name="invokeMethod" sig="(java.lang.String,java.lang.String,java.lang.String)"/>
                    </andExpression>
                </orExpression>
            </expression>
            <transformClass name="SOATransformer"/>
        </ipcFilter>

    </instrumentationFilters>
</djipjlFilters>
